Date,Year,Quarter,MonthNum,MonthName,MonthYear,DayName
2025-01-01,2025,T1,1,Enero,2025-01,Miércoles
2025-01-02,2025,T1,1,Enero,2025-01,Jueves
2025-01-03,2025,T1,1,Enero,2025-01,Viernes
2025-01-04,2025,T1,1,Enero,2025-01,Sábado
2025-01-05,2025,T1,1,Enero,2025-01,Domingo
2025-01-06,2025,T1,1,Enero,2025-01,Lunes
2025-01-07,2025,T1,1,Enero,2025-01,Martes
2025-01-08,2025,T1,1,Enero,2025-01,Miércoles
2025-01-09,2025,T1,1,Enero,2025-01,Jueves
2025-01-10,2025,T1,1,Enero,2025-01,Viernes
2025-01-11,2025,T1,1,Enero,2025-01,Sábado
2025-01-12,2025,T1,1,Enero,2025-01,Domingo
2025-01-13,2025,T1,1,Enero,2025-01,Lunes
2025-01-14,2025,T1,1,Enero,2025-01,Martes
2025-01-15,2025,T1,1,Enero,2025-01,Miércoles
2025-01-16,2025,T1,1,Enero,2025-01,Jueves
2025-01-17,2025,T1,1,Enero,2025-01,Viernes
2025-01-18,2025,T1,1,Enero,2025-01,Sábado
2025-01-19,2025,T1,1,Enero,2025-01,Domingo
2025-01-20,2025,T1,1,Enero,2025-01,Lunes
2025-01-21,2025,T1,1,Enero,2025-01,Martes
2025-01-22,2025,T1,1,Enero,2025-01,Miércoles
2025-01-23,2025,T1,1,Enero,2025-01,Jueves
2025-01-24,2025,T1,1,Enero,2025-01,Viernes
2025-01-25,2025,T1,1,Enero,2025-01,Sábado
2025-01-26,2025,T1,1,Enero,2025-01,Domingo
2025-01-27,2025,T1,1,Enero,2025-01,Lunes
2025-01-28,2025,T1,1,Enero,2025-01,Martes
2025-01-29,2025,T1,1,Enero,2025-01,Miércoles
2025-01-30,2025,T1,1,Enero,2025-01,Jueves
2025-01-31,2025,T1,1,Enero,2025-01,Viernes
2025-02-01,2025,T1,2,Febrero,2025-02,Sábado
2025-02-02,2025,T1,2,Febrero,2025-02,Domingo
2025-02-03,2025,T1,2,Febrero,2025-02,Lunes
2025-02-04,2025,T1,2,Febrero,2025-02,Martes
2025-02-05,2025,T1,2,Febrero,2025-02,Miércoles
2025-02-06,2025,T1,2,Febrero,2025-02,Jueves
2025-02-07,2025,T1,2,Febrero,2025-02,Viernes
2025-02-08,2025,T1,2,Febrero,2025-02,Sábado
2025-02-09,2025,T1,2,Febrero,2025-02,Domingo
2025-02-10,2025,T1,2,Febrero,2025-02,Lunes
2025-02-11,2025,T1,2,Febrero,2025-02,Martes
2025-02-12,2025,T1,2,Febrero,2025-02,Miércoles
2025-02-13,2025,T1,2,Febrero,2025-02,Jueves
2025-02-14,2025,T1,2,Febrero,2025-02,Viernes
2025-02-15,2025,T1,2,Febrero,2025-02,Sábado
2025-02-16,2025,T1,2,Febrero,2025-02,Domingo
2025-02-17,2025,T1,2,Febrero,2025-02,Lunes
2025-02-18,2025,T1,2,Febrero,2025-02,Martes
2025-02-19,2025,T1,2,Febrero,2025-02,Miércoles
2025-02-20,2025,T1,2,Febrero,2025-02,Jueves
2025-02-21,2025,T1,2,Febrero,2025-02,Viernes
2025-02-22,2025,T1,2,Febrero,2025-02,Sábado
2025-02-23,2025,T1,2,Febrero,2025-02,Domingo
2025-02-24,2025,T1,2,Febrero,2025-02,Lunes
2025-02-25,2025,T1,2,Febrero,2025-02,Martes
2025-02-26,2025,T1,2,Febrero,2025-02,Miércoles
2025-02-27,2025,T1,2,Febrero,2025-02,Jueves
2025-02-28,2025,T1,2,Febrero,2025-02,Viernes
2025-03-01,2025,T1,3,Marzo,2025-03,Sábado
2025-03-02,2025,T1,3,Marzo,2025-03,Domingo
2025-03-03,2025,T1,3,Marzo,2025-03,Lunes
2025-03-04,2025,T1,3,Marzo,2025-03,Martes
2025-03-05,2025,T1,3,Marzo,2025-03,Miércoles
2025-03-06,2025,T1,3,Marzo,2025-03,Jueves
2025-03-07,2025,T1,3,Marzo,2025-03,Viernes
2025-03-08,2025,T1,3,Marzo,2025-03,Sábado
2025-03-09,2025,T1,3,Marzo,2025-03,Domingo
2025-03-10,2025,T1,3,Marzo,2025-03,Lunes
2025-03-11,2025,T1,3,Marzo,2025-03,Martes
2025-03-12,2025,T1,3,Marzo,2025-03,Miércoles
2025-03-13,2025,T1,3,Marzo,2025-03,Jueves
2025-03-14,2025,T1,3,Marzo,2025-03,Viernes
2025-03-15,2025,T1,3,Marzo,2025-03,Sábado
2025-03-16,2025,T1,3,Marzo,2025-03,Domingo
2025-03-17,2025,T1,3,Marzo,2025-03,Lunes
2025-03-18,2025,T1,3,Marzo,2025-03,Martes
2025-03-19,2025,T1,3,Marzo,2025-03,Miércoles
2025-03-20,2025,T1,3,Marzo,2025-03,Jueves
2025-03-21,2025,T1,3,Marzo,2025-03,Viernes
2025-03-22,2025,T1,3,Marzo,2025-03,Sábado
2025-03-23,2025,T1,3,Marzo,2025-03,Domingo
2025-03-24,2025,T1,3,Marzo,2025-03,Lunes
2025-03-25,2025,T1,3,Marzo,2025-03,Martes
2025-03-26,2025,T1,3,Marzo,2025-03,Miércoles
2025-03-27,2025,T1,3,Marzo,2025-03,Jueves
2025-03-28,2025,T1,3,Marzo,2025-03,Viernes
2025-03-29,2025,T1,3,Marzo,2025-03,Sábado
2025-03-30,2025,T1,3,Marzo,2025-03,Domingo
2025-03-31,2025,T1,3,Marzo,2025-03,Lunes
2025-04-01,2025,T2,4,Abril,2025-04,Martes
2025-04-02,2025,T2,4,Abril,2025-04,Miércoles
2025-04-03,2025,T2,4,Abril,2025-04,Jueves
2025-04-04,2025,T2,4,Abril,2025-04,Viernes
2025-04-05,2025,T2,4,Abril,2025-04,Sábado
2025-04-06,2025,T2,4,Abril,2025-04,Domingo
2025-04-07,2025,T2,4,Abril,2025-04,Lunes
2025-04-08,2025,T2,4,Abril,2025-04,Martes
2025-04-09,2025,T2,4,Abril,2025-04,Miércoles
2025-04-10,2025,T2,4,Abril,2025-04,Jueves
2025-04-11,2025,T2,4,Abril,2025-04,Viernes
2025-04-12,2025,T2,4,Abril,2025-04,Sábado
2025-04-13,2025,T2,4,Abril,2025-04,Domingo
2025-04-14,2025,T2,4,Abril,2025-04,Lunes
2025-04-15,2025,T2,4,Abril,2025-04,Martes
2025-04-16,2025,T2,4,Abril,2025-04,Miércoles
2025-04-17,2025,T2,4,Abril,2025-04,Jueves
2025-04-18,2025,T2,4,Abril,2025-04,Viernes
2025-04-19,2025,T2,4,Abril,2025-04,Sábado
2025-04-20,2025,T2,4,Abril,2025-04,Domingo
2025-04-21,2025,T2,4,Abril,2025-04,Lunes
2025-04-22,2025,T2,4,Abril,2025-04,Martes
2025-04-23,2025,T2,4,Abril,2025-04,Miércoles
2025-04-24,2025,T2,4,Abril,2025-04,Jueves
2025-04-25,2025,T2,4,Abril,2025-04,Viernes
2025-04-26,2025,T2,4,Abril,2025-04,Sábado
2025-04-27,2025,T2,4,Abril,2025-04,Domingo
2025-04-28,2025,T2,4,Abril,2025-04,Lunes
2025-04-29,2025,T2,4,Abril,2025-04,Martes
2025-04-30,2025,T2,4,Abril,2025-04,Miércoles
2025-05-01,2025,T2,5,Mayo,2025-05,Jueves
2025-05-02,2025,T2,5,Mayo,2025-05,Viernes
2025-05-03,2025,T2,5,Mayo,2025-05,Sábado
2025-05-04,2025,T2,5,Mayo,2025-05,Domingo
2025-05-05,2025,T2,5,Mayo,2025-05,Lunes
2025-05-06,2025,T2,5,Mayo,2025-05,Martes
2025-05-07,2025,T2,5,Mayo,2025-05,Miércoles
2025-05-08,2025,T2,5,Mayo,2025-05,Jueves
2025-05-09,2025,T2,5,Mayo,2025-05,Viernes
2025-05-10,2025,T2,5,Mayo,2025-05,Sábado
2025-05-11,2025,T2,5,Mayo,2025-05,Domingo
2025-05-12,2025,T2,5,Mayo,2025-05,Lunes
2025-05-13,2025,T2,5,Mayo,2025-05,Martes
2025-05-14,2025,T2,5,Mayo,2025-05,Miércoles
2025-05-15,2025,T2,5,Mayo,2025-05,Jueves
2025-05-16,2025,T2,5,Mayo,2025-05,Viernes
2025-05-17,2025,T2,5,Mayo,2025-05,Sábado
2025-05-18,2025,T2,5,Mayo,2025-05,Domingo
2025-05-19,2025,T2,5,Mayo,2025-05,Lunes
2025-05-20,2025,T2,5,Mayo,2025-05,Martes
2025-05-21,2025,T2,5,Mayo,2025-05,Miércoles
2025-05-22,2025,T2,5,Mayo,2025-05,Jueves
2025-05-23,2025,T2,5,Mayo,2025-05,Viernes
2025-05-24,2025,T2,5,Mayo,2025-05,Sábado
2025-05-25,2025,T2,5,Mayo,2025-05,Domingo
2025-05-26,2025,T2,5,Mayo,2025-05,Lunes
2025-05-27,2025,T2,5,Mayo,2025-05,Martes
2025-05-28,2025,T2,5,Mayo,2025-05,Miércoles
2025-05-29,2025,T2,5,Mayo,2025-05,Jueves
2025-05-30,2025,T2,5,Mayo,2025-05,Viernes
2025-05-31,2025,T2,5,Mayo,2025-05,Sábado
2025-06-01,2025,T2,6,Junio,2025-06,Domingo
2025-06-02,2025,T2,6,Junio,2025-06,Lunes
2025-06-03,2025,T2,6,Junio,2025-06,Martes
2025-06-04,2025,T2,6,Junio,2025-06,Miércoles
2025-06-05,2025,T2,6,Junio,2025-06,Jueves
2025-06-06,2025,T2,6,Junio,2025-06,Viernes
2025-06-07,2025,T2,6,Junio,2025-06,Sábado
2025-06-08,2025,T2,6,Junio,2025-06,Domingo
2025-06-09,2025,T2,6,Junio,2025-06,Lunes
2025-06-10,2025,T2,6,Junio,2025-06,Martes
2025-06-11,2025,T2,6,Junio,2025-06,Miércoles
2025-06-12,2025,T2,6,Junio,2025-06,Jueves
2025-06-13,2025,T2,6,Junio,2025-06,Viernes
2025-06-14,2025,T2,6,Junio,2025-06,Sábado
2025-06-15,2025,T2,6,Junio,2025-06,Domingo
2025-06-16,2025,T2,6,Junio,2025-06,Lunes
2025-06-17,2025,T2,6,Junio,2025-06,Martes
2025-06-18,2025,T2,6,Junio,2025-06,Miércoles
2025-06-19,2025,T2,6,Junio,2025-06,Jueves
2025-06-20,2025,T2,6,Junio,2025-06,Viernes
2025-06-21,2025,T2,6,Junio,2025-06,Sábado
2025-06-22,2025,T2,6,Junio,2025-06,Domingo
2025-06-23,2025,T2,6,Junio,2025-06,Lunes
2025-06-24,2025,T2,6,Junio,2025-06,Martes
2025-06-25,2025,T2,6,Junio,2025-06,Miércoles
2025-06-26,2025,T2,6,Junio,2025-06,Jueves
2025-06-27,2025,T2,6,Junio,2025-06,Viernes
2025-06-28,2025,T2,6,Junio,2025-06,Sábado
2025-06-29,2025,T2,6,Junio,2025-06,Domingo
2025-06-30,2025,T2,6,Junio,2025-06,Lunes
2025-07-01,2025,T3,7,Julio,2025-07,Martes
2025-07-02,2025,T3,7,Julio,2025-07,Miércoles
2025-07-03,2025,T3,7,Julio,2025-07,Jueves
2025-07-04,2025,T3,7,Julio,2025-07,Viernes
2025-07-05,2025,T3,7,Julio,2025-07,Sábado
2025-07-06,2025,T3,7,Julio,2025-07,Domingo
2025-07-07,2025,T3,7,Julio,2025-07,Lunes
2025-07-08,2025,T3,7,Julio,2025-07,Martes
2025-07-09,2025,T3,7,Julio,2025-07,Miércoles
2025-07-10,2025,T3,7,Julio,2025-07,Jueves
2025-07-11,2025,T3,7,Julio,2025-07,Viernes
2025-07-12,2025,T3,7,Julio,2025-07,Sábado
2025-07-13,2025,T3,7,Julio,2025-07,Domingo
2025-07-14,2025,T3,7,Julio,2025-07,Lunes
2025-07-15,2025,T3,7,Julio,2025-07,Martes
2025-07-16,2025,T3,7,Julio,2025-07,Miércoles
2025-07-17,2025,T3,7,Julio,2025-07,Jueves
2025-07-18,2025,T3,7,Julio,2025-07,Viernes
2025-07-19,2025,T3,7,Julio,2025-07,Sábado
2025-07-20,2025,T3,7,Julio,2025-07,Domingo
2025-07-21,2025,T3,7,Julio,2025-07,Lunes
2025-07-22,2025,T3,7,Julio,2025-07,Martes
2025-07-23,2025,T3,7,Julio,2025-07,Miércoles
2025-07-24,2025,T3,7,Julio,2025-07,Jueves
2025-07-25,2025,T3,7,Julio,2025-07,Viernes
2025-07-26,2025,T3,7,Julio,2025-07,Sábado
2025-07-27,2025,T3,7,Julio,2025-07,Domingo
2025-07-28,2025,T3,7,Julio,2025-07,Lunes
2025-07-29,2025,T3,7,Julio,2025-07,Martes
2025-07-30,2025,T3,7,Julio,2025-07,Miércoles
2025-07-31,2025,T3,7,Julio,2025-07,Jueves
2025-08-01,2025,T3,8,Agosto,2025-08,Viernes
2025-08-02,2025,T3,8,Agosto,2025-08,Sábado
2025-08-03,2025,T3,8,Agosto,2025-08,Domingo
2025-08-04,2025,T3,8,Agosto,2025-08,Lunes
2025-08-05,2025,T3,8,Agosto,2025-08,Martes
2025-08-06,2025,T3,8,Agosto,2025-08,Miércoles
2025-08-07,2025,T3,8,Agosto,2025-08,Jueves
2025-08-08,2025,T3,8,Agosto,2025-08,Viernes
2025-08-09,2025,T3,8,Agosto,2025-08,Sábado
2025-08-10,2025,T3,8,Agosto,2025-08,Domingo
2025-08-11,2025,T3,8,Agosto,2025-08,Lunes
2025-08-12,2025,T3,8,Agosto,2025-08,Martes
2025-08-13,2025,T3,8,Agosto,2025-08,Miércoles
2025-08-14,2025,T3,8,Agosto,2025-08,Jueves
2025-08-15,2025,T3,8,Agosto,2025-08,Viernes
2025-08-16,2025,T3,8,Agosto,2025-08,Sábado
2025-08-17,2025,T3,8,Agosto,2025-08,Domingo
2025-08-18,2025,T3,8,Agosto,2025-08,Lunes
2025-08-19,2025,T3,8,Agosto,2025-08,Martes
2025-08-20,2025,T3,8,Agosto,2025-08,Miércoles
2025-08-21,2025,T3,8,Agosto,2025-08,Jueves
2025-08-22,2025,T3,8,Agosto,2025-08,Viernes
2025-08-23,2025,T3,8,Agosto,2025-08,Sábado
2025-08-24,2025,T3,8,Agosto,2025-08,Domingo
2025-08-25,2025,T3,8,Agosto,2025-08,Lunes
2025-08-26,2025,T3,8,Agosto,2025-08,Martes
2025-08-27,2025,T3,8,Agosto,2025-08,Miércoles
2025-08-28,2025,T3,8,Agosto,2025-08,Jueves
2025-08-29,2025,T3,8,Agosto,2025-08,Viernes
2025-08-30,2025,T3,8,Agosto,2025-08,Sábado
2025-08-31,2025,T3,8,Agosto,2025-08,Domingo
2025-09-01,2025,T3,9,Septiembre,2025-09,Lunes
2025-09-02,2025,T3,9,Septiembre,2025-09,Martes
2025-09-03,2025,T3,9,Septiembre,2025-09,Miércoles
2025-09-04,2025,T3,9,Septiembre,2025-09,Jueves
2025-09-05,2025,T3,9,Septiembre,2025-09,Viernes
2025-09-06,2025,T3,9,Septiembre,2025-09,Sábado
2025-09-07,2025,T3,9,Septiembre,2025-09,Domingo
2025-09-08,2025,T3,9,Septiembre,2025-09,Lunes
2025-09-09,2025,T3,9,Septiembre,2025-09,Martes
2025-09-10,2025,T3,9,Septiembre,2025-09,Miércoles
2025-09-11,2025,T3,9,Septiembre,2025-09,Jueves
2025-09-12,2025,T3,9,Septiembre,2025-09,Viernes
2025-09-13,2025,T3,9,Septiembre,2025-09,Sábado
2025-09-14,2025,T3,9,Septiembre,2025-09,Domingo
2025-09-15,2025,T3,9,Septiembre,2025-09,Lunes
2025-09-16,2025,T3,9,Septiembre,2025-09,Martes
2025-09-17,2025,T3,9,Septiembre,2025-09,Miércoles
2025-09-18,2025,T3,9,Septiembre,2025-09,Jueves
2025-09-19,2025,T3,9,Septiembre,2025-09,Viernes
2025-09-20,2025,T3,9,Septiembre,2025-09,Sábado
2025-09-21,2025,T3,9,Septiembre,2025-09,Domingo
2025-09-22,2025,T3,9,Septiembre,2025-09,Lunes
2025-09-23,2025,T3,9,Septiembre,2025-09,Martes
2025-09-24,2025,T3,9,Septiembre,2025-09,Miércoles
2025-09-25,2025,T3,9,Septiembre,2025-09,Jueves
2025-09-26,2025,T3,9,Septiembre,2025-09,Viernes
2025-09-27,2025,T3,9,Septiembre,2025-09,Sábado
2025-09-28,2025,T3,9,Septiembre,2025-09,Domingo
2025-09-29,2025,T3,9,Septiembre,2025-09,Lunes
2025-09-30,2025,T3,9,Septiembre,2025-09,Martes
2025-10-01,2025,T4,10,Octubre,2025-10,Miércoles
2025-10-02,2025,T4,10,Octubre,2025-10,Jueves
2025-10-03,2025,T4,10,Octubre,2025-10,Viernes
2025-10-04,2025,T4,10,Octubre,2025-10,Sábado
2025-10-05,2025,T4,10,Octubre,2025-10,Domingo
2025-10-06,2025,T4,10,Octubre,2025-10,Lunes
2025-10-07,2025,T4,10,Octubre,2025-10,Martes
2025-10-08,2025,T4,10,Octubre,2025-10,Miércoles
2025-10-09,2025,T4,10,Octubre,2025-10,Jueves
2025-10-10,2025,T4,10,Octubre,2025-10,Viernes
2025-10-11,2025,T4,10,Octubre,2025-10,Sábado
2025-10-12,2025,T4,10,Octubre,2025-10,Domingo
2025-10-13,2025,T4,10,Octubre,2025-10,Lunes
2025-10-14,2025,T4,10,Octubre,2025-10,Martes
2025-10-15,2025,T4,10,Octubre,2025-10,Miércoles
2025-10-16,2025,T4,10,Octubre,2025-10,Jueves
2025-10-17,2025,T4,10,Octubre,2025-10,Viernes
2025-10-18,2025,T4,10,Octubre,2025-10,Sábado
2025-10-19,2025,T4,10,Octubre,2025-10,Domingo
2025-10-20,2025,T4,10,Octubre,2025-10,Lunes
2025-10-21,2025,T4,10,Octubre,2025-10,Martes
2025-10-22,2025,T4,10,Octubre,2025-10,Miércoles
2025-10-23,2025,T4,10,Octubre,2025-10,Jueves
2025-10-24,2025,T4,10,Octubre,2025-10,Viernes
2025-10-25,2025,T4,10,Octubre,2025-10,Sábado
2025-10-26,2025,T4,10,Octubre,2025-10,Domingo
2025-10-27,2025,T4,10,Octubre,2025-10,Lunes
2025-10-28,2025,T4,10,Octubre,2025-10,Martes
2025-10-29,2025,T4,10,Octubre,2025-10,Miércoles
2025-10-30,2025,T4,10,Octubre,2025-10,Jueves
2025-10-31,2025,T4,10,Octubre,2025-10,Viernes
2025-11-01,2025,T4,11,Noviembre,2025-11,Sábado
2025-11-02,2025,T4,11,Noviembre,2025-11,Domingo
2025-11-03,2025,T4,11,Noviembre,2025-11,Lunes
2025-11-04,2025,T4,11,Noviembre,2025-11,Martes
2025-11-05,2025,T4,11,Noviembre,2025-11,Miércoles
2025-11-06,2025,T4,11,Noviembre,2025-11,Jueves
2025-11-07,2025,T4,11,Noviembre,2025-11,Viernes
2025-11-08,2025,T4,11,Noviembre,2025-11,Sábado
2025-11-09,2025,T4,11,Noviembre,2025-11,Domingo
2025-11-10,2025,T4,11,Noviembre,2025-11,Lunes
2025-11-11,2025,T4,11,Noviembre,2025-11,Martes
2025-11-12,2025,T4,11,Noviembre,2025-11,Miércoles
2025-11-13,2025,T4,11,Noviembre,2025-11,Jueves
2025-11-14,2025,T4,11,Noviembre,2025-11,Viernes
2025-11-15,2025,T4,11,Noviembre,2025-11,Sábado
2025-11-16,2025,T4,11,Noviembre,2025-11,Domingo
2025-11-17,2025,T4,11,Noviembre,2025-11,Lunes
2025-11-18,2025,T4,11,Noviembre,2025-11,Martes
2025-11-19,2025,T4,11,Noviembre,2025-11,Miércoles
2025-11-20,2025,T4,11,Noviembre,2025-11,Jueves
2025-11-21,2025,T4,11,Noviembre,2025-11,Viernes
2025-11-22,2025,T4,11,Noviembre,2025-11,Sábado
2025-11-23,2025,T4,11,Noviembre,2025-11,Domingo
2025-11-24,2025,T4,11,Noviembre,2025-11,Lunes
2025-11-25,2025,T4,11,Noviembre,2025-11,Martes
2025-11-26,2025,T4,11,Noviembre,2025-11,Miércoles
2025-11-27,2025,T4,11,Noviembre,2025-11,Jueves
2025-11-28,2025,T4,11,Noviembre,2025-11,Viernes
2025-11-29,2025,T4,11,Noviembre,2025-11,Sábado
2025-11-30,2025,T4,11,Noviembre,2025-11,Domingo
2025-12-01,2025,T4,12,Diciembre,2025-12,Lunes
2025-12-02,2025,T4,12,Diciembre,2025-12,Martes
2025-12-03,2025,T4,12,Diciembre,2025-12,Miércoles
2025-12-04,2025,T4,12,Diciembre,2025-12,Jueves
2025-12-05,2025,T4,12,Diciembre,2025-12,Viernes
2025-12-06,2025,T4,12,Diciembre,2025-12,Sábado
2025-12-07,2025,T4,12,Diciembre,2025-12,Domingo
2025-12-08,2025,T4,12,Diciembre,2025-12,Lunes
2025-12-09,2025,T4,12,Diciembre,2025-12,Martes
2025-12-10,2025,T4,12,Diciembre,2025-12,Miércoles
2025-12-11,2025,T4,12,Diciembre,2025-12,Jueves
2025-12-12,2025,T4,12,Diciembre,2025-12,Viernes
2025-12-13,2025,T4,12,Diciembre,2025-12,Sábado
2025-12-14,2025,T4,12,Diciembre,2025-12,Domingo
2025-12-15,2025,T4,12,Diciembre,2025-12,Lunes
2025-12-16,2025,T4,12,Diciembre,2025-12,Martes
2025-12-17,2025,T4,12,Diciembre,2025-12,Miércoles
2025-12-18,2025,T4,12,Diciembre,2025-12,Jueves
2025-12-19,2025,T4,12,Diciembre,2025-12,Viernes
2025-12-20,2025,T4,12,Diciembre,2025-12,Sábado
2025-12-21,2025,T4,12,Diciembre,2025-12,Domingo
2025-12-22,2025,T4,12,Diciembre,2025-12,Lunes
2025-12-23,2025,T4,12,Diciembre,2025-12,Martes
2025-12-24,2025,T4,12,Diciembre,2025-12,Miércoles
2025-12-25,2025,T4,12,Diciembre,2025-12,Jueves
2025-12-26,2025,T4,12,Diciembre,2025-12,Viernes
2025-12-27,2025,T4,12,Diciembre,2025-12,Sábado
2025-12-28,2025,T4,12,Diciembre,2025-12,Domingo
2025-12-29,2025,T4,12,Diciembre,2025-12,Lunes
2025-12-30,2025,T4,12,Diciembre,2025-12,Martes
2025-12-31,2025,T4,12,Diciembre,2025-12,Miércoles
2026-01-01,2026,T1,1,Enero,2026-01,Jueves
2026-01-02,2026,T1,1,Enero,2026-01,Viernes
2026-01-03,2026,T1,1,Enero,2026-01,Sábado
2026-01-04,2026,T1,1,Enero,2026-01,Domingo
2026-01-05,2026,T1,1,Enero,2026-01,Lunes
2026-01-06,2026,T1,1,Enero,2026-01,Martes
2026-01-07,2026,T1,1,Enero,2026-01,Miércoles
2026-01-08,2026,T1,1,Enero,2026-01,Jueves
2026-01-09,2026,T1,1,Enero,2026-01,Viernes
2026-01-10,2026,T1,1,Enero,2026-01,Sábado
2026-01-11,2026,T1,1,Enero,2026-01,Domingo
2026-01-12,2026,T1,1,Enero,2026-01,Lunes
2026-01-13,2026,T1,1,Enero,2026-01,Martes
2026-01-14,2026,T1,1,Enero,2026-01,Miércoles
2026-01-15,2026,T1,1,Enero,2026-01,Jueves
2026-01-16,2026,T1,1,Enero,2026-01,Viernes
2026-01-17,2026,T1,1,Enero,2026-01,Sábado
2026-01-18,2026,T1,1,Enero,2026-01,Domingo
2026-01-19,2026,T1,1,Enero,2026-01,Lunes
2026-01-20,2026,T1,1,Enero,2026-01,Martes
2026-01-21,2026,T1,1,Enero,2026-01,Miércoles
2026-01-22,2026,T1,1,Enero,2026-01,Jueves
2026-01-23,2026,T1,1,Enero,2026-01,Viernes
2026-01-24,2026,T1,1,Enero,2026-01,Sábado
2026-01-25,2026,T1,1,Enero,2026-01,Domingo
2026-01-26,2026,T1,1,Enero,2026-01,Lunes
2026-01-27,2026,T1,1,Enero,2026-01,Martes
2026-01-28,2026,T1,1,Enero,2026-01,Miércoles
2026-01-29,2026,T1,1,Enero,2026-01,Jueves
2026-01-30,2026,T1,1,Enero,2026-01,Viernes
2026-01-31,2026,T1,1,Enero,2026-01,Sábado
2026-02-01,2026,T1,2,Febrero,2026-02,Domingo
2026-02-02,2026,T1,2,Febrero,2026-02,Lunes
2026-02-03,2026,T1,2,Febrero,2026-02,Martes
2026-02-04,2026,T1,2,Febrero,2026-02,Miércoles
2026-02-05,2026,T1,2,Febrero,2026-02,Jueves
2026-02-06,2026,T1,2,Febrero,2026-02,Viernes
2026-02-07,2026,T1,2,Febrero,2026-02,Sábado
2026-02-08,2026,T1,2,Febrero,2026-02,Domingo
2026-02-09,2026,T1,2,Febrero,2026-02,Lunes
2026-02-10,2026,T1,2,Febrero,2026-02,Martes
2026-02-11,2026,T1,2,Febrero,2026-02,Miércoles
2026-02-12,2026,T1,2,Febrero,2026-02,Jueves
2026-02-13,2026,T1,2,Febrero,2026-02,Viernes
2026-02-14,2026,T1,2,Febrero,2026-02,Sábado
2026-02-15,2026,T1,2,Febrero,2026-02,Domingo
2026-02-16,2026,T1,2,Febrero,2026-02,Lunes
2026-02-17,2026,T1,2,Febrero,2026-02,Martes
2026-02-18,2026,T1,2,Febrero,2026-02,Miércoles
2026-02-19,2026,T1,2,Febrero,2026-02,Jueves
2026-02-20,2026,T1,2,Febrero,2026-02,Viernes
2026-02-21,2026,T1,2,Febrero,2026-02,Sábado
2026-02-22,2026,T1,2,Febrero,2026-02,Domingo
2026-02-23,2026,T1,2,Febrero,2026-02,Lunes
2026-02-24,2026,T1,2,Febrero,2026-02,Martes
2026-02-25,2026,T1,2,Febrero,2026-02,Miércoles
2026-02-26,2026,T1,2,Febrero,2026-02,Jueves
2026-02-27,2026,T1,2,Febrero,2026-02,Viernes
2026-02-28,2026,T1,2,Febrero,2026-02,Sábado
2026-03-01,2026,T1,3,Marzo,2026-03,Domingo
2026-03-02,2026,T1,3,Marzo,2026-03,Lunes
2026-03-03,2026,T1,3,Marzo,2026-03,Martes
2026-03-04,2026,T1,3,Marzo,2026-03,Miércoles
2026-03-05,2026,T1,3,Marzo,2026-03,Jueves
2026-03-06,2026,T1,3,Marzo,2026-03,Viernes
2026-03-07,2026,T1,3,Marzo,2026-03,Sábado
2026-03-08,2026,T1,3,Marzo,2026-03,Domingo
2026-03-09,2026,T1,3,Marzo,2026-03,Lunes
2026-03-10,2026,T1,3,Marzo,2026-03,Martes
2026-03-11,2026,T1,3,Marzo,2026-03,Miércoles
2026-03-12,2026,T1,3,Marzo,2026-03,Jueves
2026-03-13,2026,T1,3,Marzo,2026-03,Viernes
2026-03-14,2026,T1,3,Marzo,2026-03,Sábado
2026-03-15,2026,T1,3,Marzo,2026-03,Domingo
2026-03-16,2026,T1,3,Marzo,2026-03,Lunes
2026-03-17,2026,T1,3,Marzo,2026-03,Martes
2026-03-18,2026,T1,3,Marzo,2026-03,Miércoles
2026-03-19,2026,T1,3,Marzo,2026-03,Jueves
2026-03-20,2026,T1,3,Marzo,2026-03,Viernes
2026-03-21,2026,T1,3,Marzo,2026-03,Sábado
2026-03-22,2026,T1,3,Marzo,2026-03,Domingo
2026-03-23,2026,T1,3,Marzo,2026-03,Lunes
2026-03-24,2026,T1,3,Marzo,2026-03,Martes
2026-03-25,2026,T1,3,Marzo,2026-03,Miércoles
2026-03-26,2026,T1,3,Marzo,2026-03,Jueves
2026-03-27,2026,T1,3,Marzo,2026-03,Viernes
2026-03-28,2026,T1,3,Marzo,2026-03,Sábado
2026-03-29,2026,T1,3,Marzo,2026-03,Domingo
2026-03-30,2026,T1,3,Marzo,2026-03,Lunes
2026-03-31,2026,T1,3,Marzo,2026-03,Martes
2026-04-01,2026,T2,4,Abril,2026-04,Miércoles
2026-04-02,2026,T2,4,Abril,2026-04,Jueves
2026-04-03,2026,T2,4,Abril,2026-04,Viernes
2026-04-04,2026,T2,4,Abril,2026-04,Sábado
2026-04-05,2026,T2,4,Abril,2026-04,Domingo
2026-04-06,2026,T2,4,Abril,2026-04,Lunes
2026-04-07,2026,T2,4,Abril,2026-04,Martes
2026-04-08,2026,T2,4,Abril,2026-04,Miércoles
2026-04-09,2026,T2,4,Abril,2026-04,Jueves
2026-04-10,2026,T2,4,Abril,2026-04,Viernes
2026-04-11,2026,T2,4,Abril,2026-04,Sábado
2026-04-12,2026,T2,4,Abril,2026-04,Domingo
2026-04-13,2026,T2,4,Abril,2026-04,Lunes
2026-04-14,2026,T2,4,Abril,2026-04,Martes
2026-04-15,2026,T2,4,Abril,2026-04,Miércoles
2026-04-16,2026,T2,4,Abril,2026-04,Jueves
2026-04-17,2026,T2,4,Abril,2026-04,Viernes
2026-04-18,2026,T2,4,Abril,2026-04,Sábado
2026-04-19,2026,T2,4,Abril,2026-04,Domingo
2026-04-20,2026,T2,4,Abril,2026-04,Lunes
2026-04-21,2026,T2,4,Abril,2026-04,Martes
2026-04-22,2026,T2,4,Abril,2026-04,Miércoles
2026-04-23,2026,T2,4,Abril,2026-04,Jueves
2026-04-24,2026,T2,4,Abril,2026-04,Viernes
2026-04-25,2026,T2,4,Abril,2026-04,Sábado
2026-04-26,2026,T2,4,Abril,2026-04,Domingo
2026-04-27,2026,T2,4,Abril,2026-04,Lunes
2026-04-28,2026,T2,4,Abril,2026-04,Martes
2026-04-29,2026,T2,4,Abril,2026-04,Miércoles
2026-04-30,2026,T2,4,Abril,2026-04,Jueves
2026-05-01,2026,T2,5,Mayo,2026-05,Viernes
2026-05-02,2026,T2,5,Mayo,2026-05,Sábado
2026-05-03,2026,T2,5,Mayo,2026-05,Domingo
2026-05-04,2026,T2,5,Mayo,2026-05,Lunes
2026-05-05,2026,T2,5,Mayo,2026-05,Martes
2026-05-06,2026,T2,5,Mayo,2026-05,Miércoles
2026-05-07,2026,T2,5,Mayo,2026-05,Jueves
2026-05-08,2026,T2,5,Mayo,2026-05,Viernes
2026-05-09,2026,T2,5,Mayo,2026-05,Sábado
2026-05-10,2026,T2,5,Mayo,2026-05,Domingo
2026-05-11,2026,T2,5,Mayo,2026-05,Lunes
2026-05-12,2026,T2,5,Mayo,2026-05,Martes
2026-05-13,2026,T2,5,Mayo,2026-05,Miércoles
2026-05-14,2026,T2,5,Mayo,2026-05,Jueves
2026-05-15,2026,T2,5,Mayo,2026-05,Viernes
2026-05-16,2026,T2,5,Mayo,2026-05,Sábado
2026-05-17,2026,T2,5,Mayo,2026-05,Domingo
2026-05-18,2026,T2,5,Mayo,2026-05,Lunes
2026-05-19,2026,T2,5,Mayo,2026-05,Martes
2026-05-20,2026,T2,5,Mayo,2026-05,Miércoles
2026-05-21,2026,T2,5,Mayo,2026-05,Jueves
2026-05-22,2026,T2,5,Mayo,2026-05,Viernes
2026-05-23,2026,T2,5,Mayo,2026-05,Sábado
2026-05-24,2026,T2,5,Mayo,2026-05,Domingo
2026-05-25,2026,T2,5,Mayo,2026-05,Lunes
2026-05-26,2026,T2,5,Mayo,2026-05,Martes
2026-05-27,2026,T2,5,Mayo,2026-05,Miércoles
2026-05-28,2026,T2,5,Mayo,2026-05,Jueves
2026-05-29,2026,T2,5,Mayo,2026-05,Viernes
2026-05-30,2026,T2,5,Mayo,2026-05,Sábado
2026-05-31,2026,T2,5,Mayo,2026-05,Domingo
2026-06-01,2026,T2,6,Junio,2026-06,Lunes
2026-06-02,2026,T2,6,Junio,2026-06,Martes
2026-06-03,2026,T2,6,Junio,2026-06,Miércoles
2026-06-04,2026,T2,6,Junio,2026-06,Jueves
2026-06-05,2026,T2,6,Junio,2026-06,Viernes
2026-06-06,2026,T2,6,Junio,2026-06,Sábado
2026-06-07,2026,T2,6,Junio,2026-06,Domingo
2026-06-08,2026,T2,6,Junio,2026-06,Lunes
2026-06-09,2026,T2,6,Junio,2026-06,Martes
2026-06-10,2026,T2,6,Junio,2026-06,Miércoles
2026-06-11,2026,T2,6,Junio,2026-06,Jueves
2026-06-12,2026,T2,6,Junio,2026-06,Viernes
2026-06-13,2026,T2,6,Junio,2026-06,Sábado
2026-06-14,2026,T2,6,Junio,2026-06,Domingo
2026-06-15,2026,T2,6,Junio,2026-06,Lunes
2026-06-16,2026,T2,6,Junio,2026-06,Martes
2026-06-17,2026,T2,6,Junio,2026-06,Miércoles
2026-06-18,2026,T2,6,Junio,2026-06,Jueves
2026-06-19,2026,T2,6,Junio,2026-06,Viernes
2026-06-20,2026,T2,6,Junio,2026-06,Sábado
2026-06-21,2026,T2,6,Junio,2026-06,Domingo
2026-06-22,2026,T2,6,Junio,2026-06,Lunes
2026-06-23,2026,T2,6,Junio,2026-06,Martes
2026-06-24,2026,T2,6,Junio,2026-06,Miércoles
2026-06-25,2026,T2,6,Junio,2026-06,Jueves
2026-06-26,2026,T2,6,Junio,2026-06,Viernes
2026-06-27,2026,T2,6,Junio,2026-06,Sábado
2026-06-28,2026,T2,6,Junio,2026-06,Domingo
2026-06-29,2026,T2,6,Junio,2026-06,Lunes
2026-06-30,2026,T2,6,Junio,2026-06,Martes
2026-07-01,2026,T3,7,Julio,2026-07,Miércoles
2026-07-02,2026,T3,7,Julio,2026-07,Jueves
2026-07-03,2026,T3,7,Julio,2026-07,Viernes
2026-07-04,2026,T3,7,Julio,2026-07,Sábado
2026-07-05,2026,T3,7,Julio,2026-07,Domingo
2026-07-06,2026,T3,7,Julio,2026-07,Lunes
2026-07-07,2026,T3,7,Julio,2026-07,Martes
2026-07-08,2026,T3,7,Julio,2026-07,Miércoles
2026-07-09,2026,T3,7,Julio,2026-07,Jueves
2026-07-10,2026,T3,7,Julio,2026-07,Viernes
2026-07-11,2026,T3,7,Julio,2026-07,Sábado
2026-07-12,2026,T3,7,Julio,2026-07,Domingo
2026-07-13,2026,T3,7,Julio,2026-07,Lunes
2026-07-14,2026,T3,7,Julio,2026-07,Martes
2026-07-15,2026,T3,7,Julio,2026-07,Miércoles
2026-07-16,2026,T3,7,Julio,2026-07,Jueves
2026-07-17,2026,T3,7,Julio,2026-07,Viernes
2026-07-18,2026,T3,7,Julio,2026-07,Sábado
2026-07-19,2026,T3,7,Julio,2026-07,Domingo
2026-07-20,2026,T3,7,Julio,2026-07,Lunes
2026-07-21,2026,T3,7,Julio,2026-07,Martes
2026-07-22,2026,T3,7,Julio,2026-07,Miércoles
2026-07-23,2026,T3,7,Julio,2026-07,Jueves
2026-07-24,2026,T3,7,Julio,2026-07,Viernes
2026-07-25,2026,T3,7,Julio,2026-07,Sábado
2026-07-26,2026,T3,7,Julio,2026-07,Domingo
2026-07-27,2026,T3,7,Julio,2026-07,Lunes
2026-07-28,2026,T3,7,Julio,2026-07,Martes
2026-07-29,2026,T3,7,Julio,2026-07,Miércoles
2026-07-30,2026,T3,7,Julio,2026-07,Jueves
2026-07-31,2026,T3,7,Julio,2026-07,Viernes
2026-08-01,2026,T3,8,Agosto,2026-08,Sábado
2026-08-02,2026,T3,8,Agosto,2026-08,Domingo
2026-08-03,2026,T3,8,Agosto,2026-08,Lunes
2026-08-04,2026,T3,8,Agosto,2026-08,Martes
2026-08-05,2026,T3,8,Agosto,2026-08,Miércoles
2026-08-06,2026,T3,8,Agosto,2026-08,Jueves
2026-08-07,2026,T3,8,Agosto,2026-08,Viernes
2026-08-08,2026,T3,8,Agosto,2026-08,Sábado
2026-08-09,2026,T3,8,Agosto,2026-08,Domingo
2026-08-10,2026,T3,8,Agosto,2026-08,Lunes
2026-08-11,2026,T3,8,Agosto,2026-08,Martes
2026-08-12,2026,T3,8,Agosto,2026-08,Miércoles
2026-08-13,2026,T3,8,Agosto,2026-08,Jueves
2026-08-14,2026,T3,8,Agosto,2026-08,Viernes
2026-08-15,2026,T3,8,Agosto,2026-08,Sábado
2026-08-16,2026,T3,8,Agosto,2026-08,Domingo
2026-08-17,2026,T3,8,Agosto,2026-08,Lunes
2026-08-18,2026,T3,8,Agosto,2026-08,Martes
2026-08-19,2026,T3,8,Agosto,2026-08,Miércoles
2026-08-20,2026,T3,8,Agosto,2026-08,Jueves
2026-08-21,2026,T3,8,Agosto,2026-08,Viernes
2026-08-22,2026,T3,8,Agosto,2026-08,Sábado
2026-08-23,2026,T3,8,Agosto,2026-08,Domingo
2026-08-24,2026,T3,8,Agosto,2026-08,Lunes
2026-08-25,2026,T3,8,Agosto,2026-08,Martes
2026-08-26,2026,T3,8,Agosto,2026-08,Miércoles
2026-08-27,2026,T3,8,Agosto,2026-08,Jueves
2026-08-28,2026,T3,8,Agosto,2026-08,Viernes
2026-08-29,2026,T3,8,Agosto,2026-08,Sábado
2026-08-30,2026,T3,8,Agosto,2026-08,Domingo
2026-08-31,2026,T3,8,Agosto,2026-08,Lunes
2026-09-01,2026,T3,9,Septiembre,2026-09,Martes
2026-09-02,2026,T3,9,Septiembre,2026-09,Miércoles
2026-09-03,2026,T3,9,Septiembre,2026-09,Jueves
2026-09-04,2026,T3,9,Septiembre,2026-09,Viernes
2026-09-05,2026,T3,9,Septiembre,2026-09,Sábado
2026-09-06,2026,T3,9,Septiembre,2026-09,Domingo
2026-09-07,2026,T3,9,Septiembre,2026-09,Lunes
2026-09-08,2026,T3,9,Septiembre,2026-09,Martes
2026-09-09,2026,T3,9,Septiembre,2026-09,Miércoles
2026-09-10,2026,T3,9,Septiembre,2026-09,Jueves
2026-09-11,2026,T3,9,Septiembre,2026-09,Viernes
2026-09-12,2026,T3,9,Septiembre,2026-09,Sábado
2026-09-13,2026,T3,9,Septiembre,2026-09,Domingo
2026-09-14,2026,T3,9,Septiembre,2026-09,Lunes
2026-09-15,2026,T3,9,Septiembre,2026-09,Martes
2026-09-16,2026,T3,9,Septiembre,2026-09,Miércoles
2026-09-17,2026,T3,9,Septiembre,2026-09,Jueves
2026-09-18,2026,T3,9,Septiembre,2026-09,Viernes
2026-09-19,2026,T3,9,Septiembre,2026-09,Sábado
2026-09-20,2026,T3,9,Septiembre,2026-09,Domingo
2026-09-21,2026,T3,9,Septiembre,2026-09,Lunes
2026-09-22,2026,T3,9,Septiembre,2026-09,Martes
2026-09-23,2026,T3,9,Septiembre,2026-09,Miércoles
2026-09-24,2026,T3,9,Septiembre,2026-09,Jueves
2026-09-25,2026,T3,9,Septiembre,2026-09,Viernes
2026-09-26,2026,T3,9,Septiembre,2026-09,Sábado
2026-09-27,2026,T3,9,Septiembre,2026-09,Domingo
2026-09-28,2026,T3,9,Septiembre,2026-09,Lunes
2026-09-29,2026,T3,9,Septiembre,2026-09,Martes
2026-09-30,2026,T3,9,Septiembre,2026-09,Miércoles
2026-10-01,2026,T4,10,Octubre,2026-10,Jueves
2026-10-02,2026,T4,10,Octubre,2026-10,Viernes
2026-10-03,2026,T4,10,Octubre,2026-10,Sábado
2026-10-04,2026,T4,10,Octubre,2026-10,Domingo
2026-10-05,2026,T4,10,Octubre,2026-10,Lunes
2026-10-06,2026,T4,10,Octubre,2026-10,Martes
2026-10-07,2026,T4,10,Octubre,2026-10,Miércoles
2026-10-08,2026,T4,10,Octubre,2026-10,Jueves
2026-10-09,2026,T4,10,Octubre,2026-10,Viernes
2026-10-10,2026,T4,10,Octubre,2026-10,Sábado
2026-10-11,2026,T4,10,Octubre,2026-10,Domingo
2026-10-12,2026,T4,10,Octubre,2026-10,Lunes
2026-10-13,2026,T4,10,Octubre,2026-10,Martes
2026-10-14,2026,T4,10,Octubre,2026-10,Miércoles
2026-10-15,2026,T4,10,Octubre,2026-10,Jueves
2026-10-16,2026,T4,10,Octubre,2026-10,Viernes
2026-10-17,2026,T4,10,Octubre,2026-10,Sábado
2026-10-18,2026,T4,10,Octubre,2026-10,Domingo
2026-10-19,2026,T4,10,Octubre,2026-10,Lunes
2026-10-20,2026,T4,10,Octubre,2026-10,Martes
2026-10-21,2026,T4,10,Octubre,2026-10,Miércoles
2026-10-22,2026,T4,10,Octubre,2026-10,Jueves
2026-10-23,2026,T4,10,Octubre,2026-10,Viernes
2026-10-24,2026,T4,10,Octubre,2026-10,Sábado
2026-10-25,2026,T4,10,Octubre,2026-10,Domingo
2026-10-26,2026,T4,10,Octubre,2026-10,Lunes
2026-10-27,2026,T4,10,Octubre,2026-10,Martes
2026-10-28,2026,T4,10,Octubre,2026-10,Miércoles
2026-10-29,2026,T4,10,Octubre,2026-10,Jueves
2026-10-30,2026,T4,10,Octubre,2026-10,Viernes
2026-10-31,2026,T4,10,Octubre,2026-10,Sábado
2026-11-01,2026,T4,11,Noviembre,2026-11,Domingo
2026-11-02,2026,T4,11,Noviembre,2026-11,Lunes
2026-11-03,2026,T4,11,Noviembre,2026-11,Martes
2026-11-04,2026,T4,11,Noviembre,2026-11,Miércoles
2026-11-05,2026,T4,11,Noviembre,2026-11,Jueves
2026-11-06,2026,T4,11,Noviembre,2026-11,Viernes
2026-11-07,2026,T4,11,Noviembre,2026-11,Sábado
2026-11-08,2026,T4,11,Noviembre,2026-11,Domingo
2026-11-09,2026,T4,11,Noviembre,2026-11,Lunes
2026-11-10,2026,T4,11,Noviembre,2026-11,Martes
2026-11-11,2026,T4,11,Noviembre,2026-11,Miércoles
2026-11-12,2026,T4,11,Noviembre,2026-11,Jueves
2026-11-13,2026,T4,11,Noviembre,2026-11,Viernes
2026-11-14,2026,T4,11,Noviembre,2026-11,Sábado
2026-11-15,2026,T4,11,Noviembre,2026-11,Domingo
2026-11-16,2026,T4,11,Noviembre,2026-11,Lunes
2026-11-17,2026,T4,11,Noviembre,2026-11,Martes
2026-11-18,2026,T4,11,Noviembre,2026-11,Miércoles
2026-11-19,2026,T4,11,Noviembre,2026-11,Jueves
2026-11-20,2026,T4,11,Noviembre,2026-11,Viernes
2026-11-21,2026,T4,11,Noviembre,2026-11,Sábado
2026-11-22,2026,T4,11,Noviembre,2026-11,Domingo
2026-11-23,2026,T4,11,Noviembre,2026-11,Lunes
2026-11-24,2026,T4,11,Noviembre,2026-11,Martes
2026-11-25,2026,T4,11,Noviembre,2026-11,Miércoles
2026-11-26,2026,T4,11,Noviembre,2026-11,Jueves
2026-11-27,2026,T4,11,Noviembre,2026-11,Viernes
2026-11-28,2026,T4,11,Noviembre,2026-11,Sábado
2026-11-29,2026,T4,11,Noviembre,2026-11,Domingo
2026-11-30,2026,T4,11,Noviembre,2026-11,Lunes
2026-12-01,2026,T4,12,Diciembre,2026-12,Martes
2026-12-02,2026,T4,12,Diciembre,2026-12,Miércoles
2026-12-03,2026,T4,12,Diciembre,2026-12,Jueves
2026-12-04,2026,T4,12,Diciembre,2026-12,Viernes
2026-12-05,2026,T4,12,Diciembre,2026-12,Sábado
2026-12-06,2026,T4,12,Diciembre,2026-12,Domingo
2026-12-07,2026,T4,12,Diciembre,2026-12,Lunes
2026-12-08,2026,T4,12,Diciembre,2026-12,Martes
2026-12-09,2026,T4,12,Diciembre,2026-12,Miércoles
2026-12-10,2026,T4,12,Diciembre,2026-12,Jueves
2026-12-11,2026,T4,12,Diciembre,2026-12,Viernes
2026-12-12,2026,T4,12,Diciembre,2026-12,Sábado
2026-12-13,2026,T4,12,Diciembre,2026-12,Domingo
2026-12-14,2026,T4,12,Diciembre,2026-12,Lunes
2026-12-15,2026,T4,12,Diciembre,2026-12,Martes
2026-12-16,2026,T4,12,Diciembre,2026-12,Miércoles
2026-12-17,2026,T4,12,Diciembre,2026-12,Jueves
2026-12-18,2026,T4,12,Diciembre,2026-12,Viernes
2026-12-19,2026,T4,12,Diciembre,2026-12,Sábado
2026-12-20,2026,T4,12,Diciembre,2026-12,Domingo
2026-12-21,2026,T4,12,Diciembre,2026-12,Lunes
2026-12-22,2026,T4,12,Diciembre,2026-12,Martes
2026-12-23,2026,T4,12,Diciembre,2026-12,Miércoles
2026-12-24,2026,T4,12,Diciembre,2026-12,Jueves
2026-12-25,2026,T4,12,Diciembre,2026-12,Viernes
2026-12-26,2026,T4,12,Diciembre,2026-12,Sábado
2026-12-27,2026,T4,12,Diciembre,2026-12,Domingo
2026-12-28,2026,T4,12,Diciembre,2026-12,Lunes
2026-12-29,2026,T4,12,Diciembre,2026-12,Martes
2026-12-30,2026,T4,12,Diciembre,2026-12,Miércoles
2026-12-31,2026,T4,12,Diciembre,2026-12,Jueves
